state,age,vaccination,risk,year,value,value_min,value_max
new_case,All,All,All,1950,4171076,4169380,4173014
new_case,All,All,All,1951,180746,177991,182492
new_case,All,All,All,1952,256824,248608,257471
new_case,All,All,All,1953,319531,315644,337760
new_case,All,All,All,1954,364116,363267,372910
new_case,All,All,All,1955,400358,392008,460507
new_case,All,All,All,1956,429056,419897,440770
new_case,All,All,All,1957,450617,424156,471855
new_case,All,All,All,1958,452697,451700,457473
new_case,All,All,All,1959,472401,469030,480311
new_case,All,All,All,1960,479203,468980,489768
new_case,All,All,All,1961,505007,435088,580624
new_case,All,All,All,1962,463050,407871,468881
new_case,All,All,All,1963,474140,448523,492368
new_case,All,All,All,1964,526830,489208,544083
new_case,All,All,All,1965,477445,474746,494480
new_case,All,All,All,1966,498890,493792,655492
new_case,All,All,All,1967,532847,434698,609014
new_case,All,All,All,1968,511529,467343,546405
new_case,All,All,All,1969,532350,527174,548133
new_case,All,All,All,1970,537515,525422,548345
new_case,All,All,All,1971,601364,566475,601652
new_case,All,All,All,1972,602020,599661,611599
new_case,All,All,All,1973,551542,541394,560229
new_case,All,All,All,1974,581922,568720,588845
new_case,All,All,All,1975,594995,582032,611405
new_case,All,All,All,1976,656326,633176,696748
new_case,All,All,All,1977,644422,612463,760097
new_case,All,All,All,1978,679031,554212,757212
new_case,All,All,All,1979,637654,628778,709541
new_case,All,All,All,1980,311700,244096,316385
new_case,All,All,All,1981,89907,58281,94104
new_case,All,All,All,1982,282032,272468,370272
new_case,All,All,All,1983,1471168,1381500,1541672
new_case,All,All,All,1984,866222,861029,1056748
new_case,All,All,All,1985,352529,298617,450004
new_case,All,All,All,1986,490305,462299,558021
new_case,All,All,All,1987,1292653,675273,1350982
new_case,All,All,All,1988,927936,724224,989380
new_case,All,All,All,1989,264218,191149,859756
new_case,All,All,All,1990,618943,357737,643771
new_case,All,All,All,1991,1242079,554975,1260196
new_case,All,All,All,1992,638328,625765,1130162
new_case,All,All,All,1993,204628,196574,1364544
new_case,All,All,All,1994,345897,291112,597012
new_case,All,All,All,1995,1300815,398327,2231984
new_case,All,All,All,1996,1095574,699227,1393616
new_case,All,All,All,1997,321327,69915,773932
new_case,All,All,All,1998,200666,41484,679482
new_case,All,All,All,1999,1142792,353977,1867897
new_case,All,All,All,2000,1528104,1186856,3310856
new_case,All,All,All,2001,447427,397301,535994
new_case,All,All,All,2002,364124,125561,514002
new_case,All,All,All,2003,988402,433381,1231168
new_case,All,All,All,2004,1836377,1563335,2076270
new_case,All,All,All,2005,1124283,554682,1411711
new_case,All,All,All,2006,284995,219437,529636
new_case,All,All,All,2007,1108192,265192,1147449
new_case,All,All,All,2008,1467508,1173560,2294338
new_case,All,All,All,2009,1212813,1015861,2670215
new_case,All,All,All,2010,584784,376313,586383
new_case,All,All,All,2011,590501,272360,704450
new_case,All,All,All,2012,1984184,1146534,2742120
new_case,All,All,All,2013,2102505,1335027,2445735
new_case,All,All,All,2014,597506,214421,1039368
new_case,All,All,All,2015,359072,228458,717827
new_case,All,All,All,2016,1206133,1190903,1693045
new_case,All,All,All,2017,2906295,1456250,3619152
new_case,All,All,All,2018,1115917,851504,1478489
new_case,All,All,All,2019,849991,730526,1456138
new_case,All,All,All,2020,1862103,1438960,2469916
new_case,All,All,All,2021,1557524,1225181,1977883
new_case,All,All,All,2022,1104114,673159,1509401
new_case,All,All,All,2023,1256175,960801,1803272
S,1,1,1,2023,11715.5,8866,15411
S,2,1,1,2023,30988.5,25713,36399
S,3,1,1,2023,49829.5,44463,53417
S,4,1,1,2023,64984.5,61495,68147
S,5,1,1,2023,78108.5,75370,82462
S,6,1,1,2023,90377.5,86746,96272
S,7,1,1,2023,101891.5,97594,108321
S,8,1,1,2023,111490,106758,119689
S,9,1,1,2023,120681,114828,129574
S,10,1,1,2023,128813.5,122457,138474
S,11,1,1,2023,135148,128197,146096
S,12,1,1,2023,140370,132572,150820
S,13,1,1,2023,143887,136365,155120
S,14,1,1,2023,146098.5,138391,157619
S,15,1,1,2023,148308,139935,159752
S,16,1,1,2023,149213,141529,160644
S,17,1,1,2023,149735,142114,160946
S,18,1,1,2023,149317.5,141750,160897
S,19,1,1,2023,148972,140694,159935
S,20,1,1,2023,147916.5,139474,159894
S,21,1,1,2023,146633,138147,158249
S,22,1,1,2023,144892,137707,156364
S,23,1,1,2023,143222,135902,153521
S,24,1,1,2023,139970.5,133394,150820
S,25,1,1,2023,136817,130485,148627
S,26,1,1,2023,134035,126891,145409
S,27,1,1,2023,130448,123730,141536
S,28,1,1,2023,127163.5,120846,137977
S,29,1,1,2023,123847,117948,135100
S,30,1,1,2023,120985,114804,131515
S,31,1,1,2023,117649,111944,128656
S,32,1,1,2023,113993,108533,124721
S,33,1,1,2023,110886,104763,120533
S,34,1,1,2023,106704,101546,117159
S,35,1,1,2023,103720.5,98621,113355
S,36,1,1,2023,100620.5,95873,109595
S,37,1,1,2023,97563.5,93119,105807
S,38,1,1,2023,94588,89554,102736
S,39,1,1,2023,91643,86420,99508
S,40,1,1,2023,88428,83545,96584
S,41,1,1,2023,84831.5,80803,93151
S,42,1,1,2023,81547,77132,90354
S,43,1,1,2023,78837,74334,87153
S,44,1,1,2023,75911.5,71393,83329
S,45,1,1,2023,72833.5,67990,80018
S,46,1,1,2023,69639,65390,77221
S,47,1,1,2023,67073.5,63888,74168
S,48,1,1,2023,64186.5,61219,70919
S,49,1,1,2023,61704,58471,68166
S,50,1,1,2023,59052,56294,64743
S,51,1,1,2023,56798.5,54317,61956
S,52,1,1,2023,54236,51742,59735
S,53,1,1,2023,51848,49253,56947
S,54,1,1,2023,49388,46948,54168
S,55,1,1,2023,47008.5,44508,51261
S,56,1,1,2023,44904.5,42310,48777
S,57,1,1,2023,42681,40181,46479
S,58,1,1,2023,40725.5,38327,44620
S,59,1,1,2023,38687.5,36276,42474
S,60,1,1,2023,36575.5,34625,39864
S,61,1,1,2023,34927,33082,38268
S,62,1,1,2023,33251.5,31081,36335
S,63,1,1,2023,31667,29846,34381
S,64,1,1,2023,29615.5,28349,32325
S,65,1,1,2023,27717.5,26443,30842
S,66,1,1,2023,25997,24426,29056
S,67,1,1,2023,24412.5,23091,27434
S,68,1,1,2023,22994,21880,25742
S,69,1,1,2023,21457,19975,24015
S,70,1,1,2023,19830.5,18755,22491
S,71,1,1,2023,18620.5,17357,20682
S,72,1,1,2023,17246,15996,19220
S,73,1,1,2023,15908,14654,17821
S,74,1,1,2023,14551,13280,16415
S,75,1,1,2023,13186,12068,15137
S,76,1,1,2023,11938,10849,13727
S,77,1,1,2023,10578,9711,11951
S,78,1,1,2023,9327.5,8513,10515
S,79,1,1,2023,8209.5,7375,9270
S,80,1,1,2023,7088.5,6471,8010
S,81,1,1,2023,6113,5480,6834
S,82,1,1,2023,5102.5,4571,5674
S,83,1,1,2023,4243.5,3676,4902
S,84,1,1,2023,3485.5,3006,3972
S,85,1,1,2023,2832,2385,3237
S,86,1,1,2023,2259.5,1933,2600
S,87,1,1,2023,1774.5,1444,2094
S,88,1,1,2023,1320.5,1122,1642
S,89,1,1,2023,982.5,798,1219
S,90,1,1,2023,731.5,583,877
S,91,1,1,2023,524,427,660
S,92,1,1,2023,368.5,281,443
S,93,1,1,2023,238,182,318
S,94,1,1,2023,156.5,110,228
S,95,1,1,2023,97,58,145
S,96,1,1,2023,56.5,39,90
S,97,1,1,2023,26,17,56
S,98,1,1,2023,19,12,29
S,99,1,1,2023,10,3,26
S,100,1,1,2023,8,4,19
S,101,1,1,2023,9,3,19
S,1,2,1,2023,91012,69934,100382
S,2,2,1,2023,164725,151701,168004
S,3,2,1,2023,209177.5,206261,212913
S,4,2,1,2023,237594,234396,241202
S,5,2,1,2023,253513.5,251024,256730
S,6,2,1,2023,260913,258781,263875
S,7,2,1,2023,261700,259420,266016
S,8,2,1,2023,257600,254476,262693
S,9,2,1,2023,250113,247277,254843
S,10,2,1,2023,240468,237969,245532
S,11,2,1,2023,229108.5,226215,234752
S,12,2,1,2023,216919.5,213878,222241
S,13,2,1,2023,204567.5,200405,209173
S,14,2,1,2023,190723.5,187195,194782
S,15,2,1,2023,176876.5,173569,181566
S,16,2,1,2023,163349,159914,167568
S,17,2,1,2023,150146,146355,153963
S,18,2,1,2023,137305.5,132872,141076
S,19,2,1,2023,124116,120837,128312
S,20,2,1,2023,112175.5,108610,115788
S,21,2,1,2023,100624.5,97741,103676
S,22,2,1,2023,89915.5,86666,92940
S,23,2,1,2023,79749,76867,82482
S,24,2,1,2023,70393,67853,72921
S,25,2,1,2023,62112,60259,64777
S,26,2,1,2023,54883,52983,57082
S,27,2,1,2023,48420,46809,50273
S,28,2,1,2023,42915.5,41409,44563
S,29,2,1,2023,38022.5,36670,39431
S,30,2,1,2023,33639.5,32499,34889
S,31,2,1,2023,29939,28771,30840
S,32,2,1,2023,26337.5,24957,27344
S,33,2,1,2023,23189.5,22111,24269
S,34,2,1,2023,20372.5,19474,21402
S,35,2,1,2023,17736,17105,18788
S,36,2,1,2023,15427.5,14916,16347
S,37,2,1,2023,13270.5,12570,14054
S,38,2,1,2023,11263.5,10612,11996
S,39,2,1,2023,9585.5,8969,10213
S,40,2,1,2023,8070.5,7405,8851
S,41,2,1,2023,6684,6274,7475
S,42,2,1,2023,5500.5,5101,6063
S,43,2,1,2023,4447.5,4011,4875
S,44,2,1,2023,3541,3207,3823
S,45,2,1,2023,2822,2512,3042
S,46,2,1,2023,2156,1945,2436
S,47,2,1,2023,1672,1457,1924
S,48,2,1,2023,1313.5,1164,1520
S,49,2,1,2023,980,898,1106
S,50,2,1,2023,746.5,654,856
S,51,2,1,2023,535.5,436,609
S,52,2,1,2023,387.5,338,438
S,53,2,1,2023,279.5,229,320
S,54,2,1,2023,182,141,229
S,55,2,1,2023,140,100,183
S,56,2,1,2023,93,59,122
S,57,2,1,2023,62,31,79
S,58,2,1,2023,38,23,74
S,59,2,1,2023,31,18,52
S,60,2,1,2023,18,8,30
S,61,2,1,2023,10,5,22
S,62,2,1,2023,4,2,21
S,63,2,1,2023,2,0,14
S,64,2,1,2023,4,2,8
S,65,2,1,2023,2,1,5
S,66,2,1,2023,1,0,3
S,67,2,1,2023,0,0,3
S,68,2,1,2023,0,0,1
S,69,2,1,2023,0,0,1
S,70,2,1,2023,0,0,1
S,71,2,1,2023,0,0,0
S,72,2,1,2023,0,0,0
S,73,2,1,2023,0,0,0
S,74,2,1,2023,0,0,0
S,75,2,1,2023,0,0,0
S,76,2,1,2023,0,0,0
S,77,2,1,2023,0,0,0
S,78,2,1,2023,0,0,0
S,79,2,1,2023,0,0,0
S,80,2,1,2023,0,0,0
S,81,2,1,2023,0,0,0
S,82,2,1,2023,0,0,0
S,83,2,1,2023,0,0,0
S,84,2,1,2023,0,0,0
S,85,2,1,2023,0,0,0
S,86,2,1,2023,0,0,0
S,87,2,1,2023,0,0,0
S,88,2,1,2023,0,0,0
S,89,2,1,2023,0,0,0
S,90,2,1,2023,0,0,0
S,91,2,1,2023,0,0,0
S,92,2,1,2023,0,0,0
S,93,2,1,2023,0,0,0
S,94,2,1,2023,0,0,0
S,95,2,1,2023,0,0,0
S,96,2,1,2023,0,0,0
S,97,2,1,2023,0,0,0
S,98,2,1,2023,0,0,0
S,99,2,1,2023,0,0,0
S,100,2,1,2023,0,0,0
S,101,2,1,2023,0,0,0
S,1,3,1,2023,320347.5,166623,588298
S,2,3,1,2023,391589,285922,450087
S,3,3,1,2023,322116,289168,342339
S,4,3,1,2023,253459,242153,264807
S,5,3,1,2023,195438.5,188457,205424
S,6,3,1,2023,152882,148349,160401
S,7,3,1,2023,120567,117028,126202
S,8,3,1,2023,95249,92388,100227
S,9,3,1,2023,75858.5,73398,79603
S,10,3,1,2023,60191,58572,63822
S,11,3,1,2023,48235.5,46531,50820
S,12,3,1,2023,38742.5,37501,40951
S,13,3,1,2023,31205.5,29748,32418
S,14,3,1,2023,24955.5,23842,26138
S,15,3,1,2023,20138.5,19029,20977
S,16,3,1,2023,16155,15409,16971
S,17,3,1,2023,12992.5,12522,13726
S,18,3,1,2023,10488.5,9939,10888
S,19,3,1,2023,8442.5,7978,8995
S,20,3,1,2023,6751.5,6354,7135
S,21,3,1,2023,5410.5,5124,5713
S,22,3,1,2023,4371.5,4003,4501
S,23,3,1,2023,3441,3269,3558
S,24,3,1,2023,2700.5,2529,2835
S,25,3,1,2023,2184,2009,2272
S,26,3,1,2023,1710.5,1591,1873
S,27,3,1,2023,1358.5,1261,1505
S,28,3,1,2023,1049.5,968,1154
S,29,3,1,2023,846,758,924
S,30,3,1,2023,685,617,716
S,31,3,1,2023,528,468,583
S,32,3,1,2023,404,346,436
S,33,3,1,2023,319,287,378
S,34,3,1,2023,250,232,293
S,35,3,1,2023,213.5,195,231
S,36,3,1,2023,161,139,186
S,37,3,1,2023,127,113,139
S,38,3,1,2023,100,80,114
S,39,3,1,2023,76.5,57,90
S,40,3,1,2023,58.5,39,76
S,41,3,1,2023,44,29,73
S,42,3,1,2023,38,29,48
S,43,3,1,2023,33,19,42
S,44,3,1,2023,21,13,33
S,45,3,1,2023,16,6,23
S,46,3,1,2023,9,3,17
S,47,3,1,2023,7,3,13
S,48,3,1,2023,3,0,5
S,49,3,1,2023,2,1,5
S,50,3,1,2023,3,1,5
S,51,3,1,2023,1,0,4
S,52,3,1,2023,2,1,5
S,53,3,1,2023,1,0,2
S,54,3,1,2023,0,0,2
S,55,3,1,2023,0,0,0
S,56,3,1,2023,0,0,0
S,57,3,1,2023,0,0,1
S,58,3,1,2023,0,0,2
S,59,3,1,2023,0,0,4
S,60,3,1,2023,0,0,4
S,61,3,1,2023,0,0,2
S,62,3,1,2023,0,0,1
S,63,3,1,2023,0,0,2
S,64,3,1,2023,0,0,1
S,65,3,1,2023,0,0,0
S,66,3,1,2023,0,0,0
S,67,3,1,2023,0,0,0
S,68,3,1,2023,0,0,0
S,69,3,1,2023,0,0,0
S,70,3,1,2023,0,0,0
S,71,3,1,2023,0,0,0
S,72,3,1,2023,0,0,0
S,73,3,1,2023,0,0,0
S,74,3,1,2023,0,0,0
S,75,3,1,2023,0,0,0
S,76,3,1,2023,0,0,0
S,77,3,1,2023,0,0,0
S,78,3,1,2023,0,0,0
S,79,3,1,2023,0,0,0
S,80,3,1,2023,0,0,0
S,81,3,1,2023,0,0,0
S,82,3,1,2023,0,0,0
S,83,3,1,2023,0,0,0
S,84,3,1,2023,0,0,0
S,85,3,1,2023,0,0,0
S,86,3,1,2023,0,0,0
S,87,3,1,2023,0,0,0
S,88,3,1,2023,0,0,0
S,89,3,1,2023,0,0,0
S,90,3,1,2023,0,0,0
S,91,3,1,2023,0,0,0
S,92,3,1,2023,0,0,0
S,93,3,1,2023,0,0,0
S,94,3,1,2023,0,0,0
S,95,3,1,2023,0,0,0
S,96,3,1,2023,0,0,0
S,97,3,1,2023,0,0,0
S,98,3,1,2023,0,0,0
S,99,3,1,2023,0,0,0
S,100,3,1,2023,0,0,0
S,101,3,1,2023,0,0,0
E,1,1,1,2023,38.5,20,83
E,2,1,1,2023,102,68,170
E,3,1,1,2023,165,93,280
E,4,1,1,2023,216.5,114,378
E,5,1,1,2023,262.5,137,445
E,6,1,1,2023,306.5,156,535
E,7,1,1,2023,338.5,186,592
E,8,1,1,2023,388.5,193,660
E,9,1,1,2023,396.5,203,678
E,10,1,1,2023,414.5,218,716
E,11,1,1,2023,437,211,765
E,12,1,1,2023,454.5,234,782
E,13,1,1,2023,463,253,808
E,14,1,1,2023,451,242,819
E,15,1,1,2023,463.5,256,840
E,16,1,1,2023,468,249,835
E,17,1,1,2023,474.5,235,826
E,18,1,1,2023,468,243,838
E,19,1,1,2023,478,271,831
E,20,1,1,2023,474.5,248,826
E,21,1,1,2023,473,245,831
E,22,1,1,2023,472,258,825
E,23,1,1,2023,454,243,799
E,24,1,1,2023,466,247,815
E,25,1,1,2023,453,250,802
E,26,1,1,2023,441.5,242,760
E,27,1,1,2023,439,229,754
E,28,1,1,2023,427,226,753
E,29,1,1,2023,418.5,223,725
E,30,1,1,2023,400.5,210,715
E,31,1,1,2023,394.5,203,700
E,32,1,1,2023,382.5,202,657
E,33,1,1,2023,375,178,639
E,34,1,1,2023,359.5,179,619
E,35,1,1,2023,350.5,171,615
E,36,1,1,2023,344.5,175,595
E,37,1,1,2023,328,165,570
E,38,1,1,2023,318,165,583
E,39,1,1,2023,311.5,154,540
E,40,1,1,2023,301,151,525
E,41,1,1,2023,280.5,142,500
E,42,1,1,2023,278.5,140,488
E,43,1,1,2023,263.5,136,460
E,44,1,1,2023,259,126,458
E,45,1,1,2023,246.5,132,447
E,46,1,1,2023,234,112,419
E,47,1,1,2023,222.5,109,401
E,48,1,1,2023,214.5,112,395
E,49,1,1,2023,208,100,355
E,50,1,1,2023,197,100,356
E,51,1,1,2023,192.5,103,327
E,52,1,1,2023,185,92,318
E,53,1,1,2023,175,81,295
E,54,1,1,2023,164,81,298
E,55,1,1,2023,163,77,277
E,56,1,1,2023,151,80,273
E,57,1,1,2023,140,72,269
E,58,1,1,2023,134,66,258
E,59,1,1,2023,129,64,238
E,60,1,1,2023,118.5,60,227
E,61,1,1,2023,116.5,58,219
E,62,1,1,2023,111,53,200
E,63,1,1,2023,107.5,47,190
E,64,1,1,2023,100.5,48,184
E,65,1,1,2023,95,39,173
E,66,1,1,2023,88.5,38,157
E,67,1,1,2023,84,38,155
E,68,1,1,2023,76,30,149
E,69,1,1,2023,73,31,138
E,70,1,1,2023,69.5,33,136
E,71,1,1,2023,64.5,28,118
E,72,1,1,2023,58,29,109
E,73,1,1,2023,51,21,103
E,74,1,1,2023,50,21,94
E,75,1,1,2023,44,18,91
E,76,1,1,2023,39,13,78
E,77,1,1,2023,36,15,72
E,78,1,1,2023,31.5,11,66
E,79,1,1,2023,27.5,11,57
E,80,1,1,2023,23,10,48
E,81,1,1,2023,19,7,41
E,82,1,1,2023,18,6,37
E,83,1,1,2023,14,4,31
E,84,1,1,2023,12,3,28
E,85,1,1,2023,10,2,22
E,86,1,1,2023,8,1,20
E,87,1,1,2023,6,1,14
E,88,1,1,2023,4,0,13
E,89,1,1,2023,3,0,8
E,90,1,1,2023,2,0,7
E,91,1,1,2023,1,0,6
E,92,1,1,2023,1,0,5
E,93,1,1,2023,1,0,3
E,94,1,1,2023,0,0,3
E,95,1,1,2023,0,0,2
E,96,1,1,2023,0,0,1
E,97,1,1,2023,0,0,1
E,98,1,1,2023,0,0,1
E,99,1,1,2023,0,0,0
E,100,1,1,2023,0,0,1
E,101,1,1,2023,0,0,0
E,1,2,1,2023,48.5,24,82
E,2,2,1,2023,83.5,47,151
E,3,2,1,2023,108.5,55,192
E,4,2,1,2023,120,57,213
E,5,2,1,2023,125,61,235
E,6,2,1,2023,131,64,239
E,7,2,1,2023,132,67,246
E,8,2,1,2023,131.5,59,252
E,9,2,1,2023,118,59,227
E,10,2,1,2023,116,58,207
E,11,2,1,2023,112.5,51,198
E,12,2,1,2023,105,57,180
E,13,2,1,2023,98.5,42,174
E,14,2,1,2023,91,41,158
E,15,2,1,2023,85,43,155
E,16,2,1,2023,78.5,39,152
E,17,2,1,2023,69.5,34,133
E,18,2,1,2023,65,31,123
E,19,2,1,2023,58,24,116
E,20,2,1,2023,53,24,102
E,21,2,1,2023,49,24,94
E,22,2,1,2023,41.5,20,85
E,23,2,1,2023,37,16,74
E,24,2,1,2023,34.5,15,64
E,25,2,1,2023,31,13,60
E,26,2,1,2023,26,11,50
E,27,2,1,2023,25,8,46
E,28,2,1,2023,21,7,40
E,29,2,1,2023,19,8,40
E,30,2,1,2023,16,5,33
E,31,2,1,2023,14,7,31
E,32,2,1,2023,12,5,29
E,33,2,1,2023,12,4,23
E,34,2,1,2023,10.5,3,20
E,35,2,1,2023,9,2,19
E,36,2,1,2023,8,2,17
E,37,2,1,2023,7,1,15
E,38,2,1,2023,6,0,13
E,39,2,1,2023,5,0,11
E,40,2,1,2023,4,0,10
E,41,2,1,2023,3,0,9
E,42,2,1,2023,3,0,7
E,43,2,1,2023,2,0,7
E,44,2,1,2023,2,0,5
E,45,2,1,2023,1,0,4
E,46,2,1,2023,1,0,4
E,47,2,1,2023,1,0,3
E,48,2,1,2023,0,0,2
E,49,2,1,2023,0,0,2
E,50,2,1,2023,0,0,2
E,51,2,1,2023,0,0,1
E,52,2,1,2023,0,0,1
E,53,2,1,2023,0,0,1
E,54,2,1,2023,0,0,1
E,55,2,1,2023,0,0,1
E,56,2,1,2023,0,0,1
E,57,2,1,2023,0,0,1
E,58,2,1,2023,0,0,0
E,59,2,1,2023,0,0,0
E,60,2,1,2023,0,0,0
E,61,2,1,2023,0,0,0
E,62,2,1,2023,0,0,0
E,63,2,1,2023,0,0,0
E,64,2,1,2023,0,0,0
E,65,2,1,2023,0,0,0
E,66,2,1,2023,0,0,0
E,67,2,1,2023,0,0,0
E,68,2,1,2023,0,0,0
E,69,2,1,2023,0,0,0
E,70,2,1,2023,0,0,0
E,71,2,1,2023,0,0,0
E,72,2,1,2023,0,0,0
E,73,2,1,2023,0,0,0
E,74,2,1,2023,0,0,0
E,75,2,1,2023,0,0,0
E,76,2,1,2023,0,0,0
E,77,2,1,2023,0,0,0
E,78,2,1,2023,0,0,0
E,79,2,1,2023,0,0,0
E,80,2,1,2023,0,0,0
E,81,2,1,2023,0,0,0
E,82,2,1,2023,0,0,0
E,83,2,1,2023,0,0,0
E,84,2,1,2023,0,0,0
E,85,2,1,2023,0,0,0
E,86,2,1,2023,0,0,0
E,87,2,1,2023,0,0,0
E,88,2,1,2023,0,0,0
E,89,2,1,2023,0,0,0
E,90,2,1,2023,0,0,0
E,91,2,1,2023,0,0,0
E,92,2,1,2023,0,0,0
E,93,2,1,2023,0,0,0
E,94,2,1,2023,0,0,0
E,95,2,1,2023,0,0,0
E,96,2,1,2023,0,0,0
E,97,2,1,2023,0,0,0
E,98,2,1,2023,0,0,0
E,99,2,1,2023,0,0,0
E,100,2,1,2023,0,0,0
E,101,2,1,2023,0,0,0
E,1,3,1,2023,742,429,1304
E,2,3,1,2023,878,554,1387
E,3,3,1,2023,753.5,414,1224
E,4,3,1,2023,596.5,312,1009
E,5,3,1,2023,465.5,226,778
E,6,3,1,2023,365,185,646
E,7,3,1,2023,286,150,506
E,8,3,1,2023,225,121,399
E,9,3,1,2023,170.5,81,304
E,10,3,1,2023,135.5,70,245
E,11,3,1,2023,109,52,194
E,12,3,1,2023,88.5,42,157
E,13,3,1,2023,70,30,132
E,14,3,1,2023,54,30,98
E,15,3,1,2023,43,17,80
E,16,3,1,2023,34,11,63
E,17,3,1,2023,27,13,58
E,18,3,1,2023,24,10,47
E,19,3,1,2023,19,8,42
E,20,3,1,2023,15,5,33
E,21,3,1,2023,13,3,25
E,22,3,1,2023,10,3,22
E,23,3,1,2023,7.5,2,17
E,24,3,1,2023,6.5,1,17
E,25,3,1,2023,5,1,12
E,26,3,1,2023,4,0,10
E,27,3,1,2023,3,0,8
E,28,3,1,2023,3,0,7
E,29,3,1,2023,2,0,5
E,30,3,1,2023,2,0,5
E,31,3,1,2023,1,0,5
E,32,3,1,2023,1,0,4
E,33,3,1,2023,1,0,3
E,34,3,1,2023,0.5,0,2
E,35,3,1,2023,0,0,2
E,36,3,1,2023,0,0,2
E,37,3,1,2023,0,0,2
E,38,3,1,2023,0,0,2
E,39,3,1,2023,0,0,1
E,40,3,1,2023,0,0,1
E,41,3,1,2023,0,0,1
E,42,3,1,2023,0,0,1
E,43,3,1,2023,0,0,1
E,44,3,1,2023,0,0,1
E,45,3,1,2023,0,0,0
E,46,3,1,2023,0,0,1
E,47,3,1,2023,0,0,1
E,48,3,1,2023,0,0,0
E,49,3,1,2023,0,0,0
E,50,3,1,2023,0,0,0
E,51,3,1,2023,0,0,0
E,52,3,1,2023,0,0,0
E,53,3,1,2023,0,0,0
E,54,3,1,2023,0,0,0
E,55,3,1,2023,0,0,0
E,56,3,1,2023,0,0,0
E,57,3,1,2023,0,0,0
E,58,3,1,2023,0,0,0
E,59,3,1,2023,0,0,0
E,60,3,1,2023,0,0,0
E,61,3,1,2023,0,0,0
E,62,3,1,2023,0,0,0
E,63,3,1,2023,0,0,0
E,64,3,1,2023,0,0,0
E,65,3,1,2023,0,0,0
E,66,3,1,2023,0,0,0
E,67,3,1,2023,0,0,0
E,68,3,1,2023,0,0,0
E,69,3,1,2023,0,0,0
E,70,3,1,2023,0,0,0
E,71,3,1,2023,0,0,0
E,72,3,1,2023,0,0,0
E,73,3,1,2023,0,0,0
E,74,3,1,2023,0,0,0
E,75,3,1,2023,0,0,0
E,76,3,1,2023,0,0,0
E,77,3,1,2023,0,0,0
E,78,3,1,2023,0,0,0
E,79,3,1,2023,0,0,0
E,80,3,1,2023,0,0,0
E,81,3,1,2023,0,0,0
E,82,3,1,2023,0,0,0
E,83,3,1,2023,0,0,0
E,84,3,1,2023,0,0,0
E,85,3,1,2023,0,0,0
E,86,3,1,2023,0,0,0
E,87,3,1,2023,0,0,0
E,88,3,1,2023,0,0,0
E,89,3,1,2023,0,0,0
E,90,3,1,2023,0,0,0
E,91,3,1,2023,0,0,0
E,92,3,1,2023,0,0,0
E,93,3,1,2023,0,0,0
E,94,3,1,2023,0,0,0
E,95,3,1,2023,0,0,0
E,96,3,1,2023,0,0,0
E,97,3,1,2023,0,0,0
E,98,3,1,2023,0,0,0
E,99,3,1,2023,0,0,0
E,100,3,1,2023,0,0,0
E,101,3,1,2023,0,0,0
I,1,1,1,2023,101.5,60,233
I,2,1,1,2023,255.5,159,421
I,3,1,1,2023,417,255,677
I,4,1,1,2023,555,310,941
I,5,1,1,2023,665.5,359,1112
I,6,1,1,2023,775,423,1363
I,7,1,1,2023,875,479,1480
I,8,1,1,2023,978.5,502,1686
I,9,1,1,2023,988.5,549,1764
I,10,1,1,2023,1068.5,587,1842
I,11,1,1,2023,1124,560,1950
I,12,1,1,2023,1170.5,641,1980
I,13,1,1,2023,1193,646,2051
I,14,1,1,2023,1176.5,649,2078
I,15,1,1,2023,1187.5,597,2107
I,16,1,1,2023,1199,647,2136
I,17,1,1,2023,1193,629,2110
I,18,1,1,2023,1196.5,652,2170
I,19,1,1,2023,1194.5,702,2143
I,20,1,1,2023,1230.5,668,2073
I,21,1,1,2023,1187,645,2114
I,22,1,1,2023,1217.5,653,2086
I,23,1,1,2023,1165,631,2046
I,24,1,1,2023,1191.5,645,2032
I,25,1,1,2023,1165.5,634,2038
I,26,1,1,2023,1114,598,1938
I,27,1,1,2023,1101,606,1905
I,28,1,1,2023,1075.5,586,1867
I,29,1,1,2023,1088,559,1835
I,30,1,1,2023,1040.5,535,1775
I,31,1,1,2023,1011,565,1784
I,32,1,1,2023,971.5,512,1708
I,33,1,1,2023,970.5,513,1642
I,34,1,1,2023,946.5,463,1579
I,35,1,1,2023,892,449,1526
I,36,1,1,2023,882.5,449,1447
I,37,1,1,2023,843.5,437,1464
I,38,1,1,2023,818,428,1440
I,39,1,1,2023,796,436,1409
I,40,1,1,2023,765,412,1390
I,41,1,1,2023,718.5,386,1272
I,42,1,1,2023,710,373,1229
I,43,1,1,2023,676,354,1223
I,44,1,1,2023,653,328,1142
I,45,1,1,2023,635.5,328,1108
I,46,1,1,2023,603.5,299,1062
I,47,1,1,2023,573.5,299,1028
I,48,1,1,2023,544.5,277,959
I,49,1,1,2023,539.5,250,939
I,50,1,1,2023,502,240,898
I,51,1,1,2023,492.5,247,859
I,52,1,1,2023,463.5,243,822
I,53,1,1,2023,451.5,223,774
I,54,1,1,2023,426.5,225,739
I,55,1,1,2023,410.5,200,696
I,56,1,1,2023,379,200,716
I,57,1,1,2023,365.5,184,654
I,58,1,1,2023,354,177,637
I,59,1,1,2023,328.5,164,609
I,60,1,1,2023,313,163,563
I,61,1,1,2023,300.5,153,536
I,62,1,1,2023,270,148,505
I,63,1,1,2023,278.5,135,471
I,64,1,1,2023,259.5,133,453
I,65,1,1,2023,246.5,118,411
I,66,1,1,2023,217,111,388
I,67,1,1,2023,212,111,373
I,68,1,1,2023,193.5,96,353
I,69,1,1,2023,179.5,89,331
I,70,1,1,2023,176,78,320
I,71,1,1,2023,165,75,295
I,72,1,1,2023,149.5,72,270
I,73,1,1,2023,135,61,247
I,74,1,1,2023,122.5,55,222
I,75,1,1,2023,112.5,46,211
I,76,1,1,2023,103.5,32,195
I,77,1,1,2023,90.5,35,166
I,78,1,1,2023,82,31,150
I,79,1,1,2023,71,31,133
I,80,1,1,2023,61,23,111
I,81,1,1,2023,52.5,20,97
I,82,1,1,2023,41.5,18,81
I,83,1,1,2023,37.5,16,68
I,84,1,1,2023,32,9,56
I,85,1,1,2023,25,9,47
I,86,1,1,2023,19,6,44
I,87,1,1,2023,14,2,30
I,88,1,1,2023,10,3,25
I,89,1,1,2023,8,2,18
I,90,1,1,2023,6,1,12
I,91,1,1,2023,4.5,0,13
I,92,1,1,2023,3,0,9
I,93,1,1,2023,2,0,7
I,94,1,1,2023,1,0,5
I,95,1,1,2023,0,0,2
I,96,1,1,2023,0,0,2
I,97,1,1,2023,0,0,2
I,98,1,1,2023,0,0,2
I,99,1,1,2023,0,0,1
I,100,1,1,2023,0,0,1
I,101,1,1,2023,0,0,1
I,1,2,1,2023,138.5,87,208
I,2,2,1,2023,228,123,398
I,3,2,1,2023,297.5,159,511
I,4,2,1,2023,325,168,562
I,5,2,1,2023,332,151,606
I,6,2,1,2023,349.5,168,606
I,7,2,1,2023,343,181,620
I,8,2,1,2023,344.5,164,621
I,9,2,1,2023,313,152,565
I,10,2,1,2023,299.5,155,527
I,11,2,1,2023,294.5,157,507
I,12,2,1,2023,268.5,146,458
I,13,2,1,2023,251,127,427
I,14,2,1,2023,237.5,123,399
I,15,2,1,2023,220,120,394
I,16,2,1,2023,200,105,357
I,17,2,1,2023,182,93,337
I,18,2,1,2023,156,88,299
I,19,2,1,2023,149,73,283
I,20,2,1,2023,137.5,74,259
I,21,2,1,2023,118,69,236
I,22,2,1,2023,106.5,56,199
I,23,2,1,2023,99,41,182
I,24,2,1,2023,87,48,157
I,25,2,1,2023,78.5,34,138
I,26,2,1,2023,65.5,35,132
I,27,2,1,2023,61.5,27,115
I,28,2,1,2023,52,24,104
I,29,2,1,2023,46,20,93
I,30,2,1,2023,39,20,84
I,31,2,1,2023,37,14,79
I,32,2,1,2023,34,15,63
I,33,2,1,2023,32,13,53
I,34,2,1,2023,27.5,8,46
I,35,2,1,2023,24,11,48
I,36,2,1,2023,20,8,39
I,37,2,1,2023,18,7,34
I,38,2,1,2023,14,6,26
I,39,2,1,2023,13,4,22
I,40,2,1,2023,11,2,22
I,41,2,1,2023,8.5,3,20
I,42,2,1,2023,8,2,16
I,43,2,1,2023,6,2,17
I,44,2,1,2023,5,0,14
I,45,2,1,2023,3,0,8
I,46,2,1,2023,3,0,9
I,47,2,1,2023,3,0,7
I,48,2,1,2023,2,0,5
I,49,2,1,2023,1,0,5
I,50,2,1,2023,1,0,3
I,51,2,1,2023,1,0,2
I,52,2,1,2023,0,0,2
I,53,2,1,2023,0,0,2
I,54,2,1,2023,0,0,2
I,55,2,1,2023,0,0,1
I,56,2,1,2023,0,0,1
I,57,2,1,2023,0,0,1
I,58,2,1,2023,0,0,1
I,59,2,1,2023,0,0,0
I,60,2,1,2023,0,0,0
I,61,2,1,2023,0,0,1
I,62,2,1,2023,0,0,0
I,63,2,1,2023,0,0,0
I,64,2,1,2023,0,0,0
I,65,2,1,2023,0,0,0
I,66,2,1,2023,0,0,1
I,67,2,1,2023,0,0,0
I,68,2,1,2023,0,0,0
I,69,2,1,2023,0,0,0
I,70,2,1,2023,0,0,0
I,71,2,1,2023,0,0,0
I,72,2,1,2023,0,0,0
I,73,2,1,2023,0,0,0
I,74,2,1,2023,0,0,0
I,75,2,1,2023,0,0,0
I,76,2,1,2023,0,0,0
I,77,2,1,2023,0,0,0
I,78,2,1,2023,0,0,0
I,79,2,1,2023,0,0,0
I,80,2,1,2023,0,0,0
I,81,2,1,2023,0,0,0
I,82,2,1,2023,0,0,0
I,83,2,1,2023,0,0,0
I,84,2,1,2023,0,0,0
I,85,2,1,2023,0,0,0
I,86,2,1,2023,0,0,0
I,87,2,1,2023,0,0,0
I,88,2,1,2023,0,0,0
I,89,2,1,2023,0,0,0
I,90,2,1,2023,0,0,0
I,91,2,1,2023,0,0,0
I,92,2,1,2023,0,0,0
I,93,2,1,2023,0,0,0
I,94,2,1,2023,0,0,0
I,95,2,1,2023,0,0,0
I,96,2,1,2023,0,0,0
I,97,2,1,2023,0,0,0
I,98,2,1,2023,0,0,0
I,99,2,1,2023,0,0,0
I,100,2,1,2023,0,0,0
I,101,2,1,2023,0,0,0
I,1,3,1,2023,1846,1061,3178
I,2,3,1,2023,2319,1456,3569
I,3,3,1,2023,1979.5,1096,3150
I,4,3,1,2023,1516,821,2582
I,5,3,1,2023,1180,599,2000
I,6,3,1,2023,933.5,493,1646
I,7,3,1,2023,724.5,369,1279
I,8,3,1,2023,581.5,302,1026
I,9,3,1,2023,446.5,212,769
I,10,3,1,2023,353,169,612
I,11,3,1,2023,282.5,132,488
I,12,3,1,2023,231.5,116,398
I,13,3,1,2023,177.5,88,331
I,14,3,1,2023,136.5,74,245
I,15,3,1,2023,110,56,194
I,16,3,1,2023,85.5,40,170
I,17,3,1,2023,73,34,131
I,18,3,1,2023,62,32,110
I,19,3,1,2023,47.5,23,89
I,20,3,1,2023,37,17,76
I,21,3,1,2023,33,13,56
I,22,3,1,2023,25,13,47
I,23,3,1,2023,20,7,40
I,24,3,1,2023,17,5,37
I,25,3,1,2023,13,3,26
I,26,3,1,2023,9,3,20
I,27,3,1,2023,8,2,17
I,28,3,1,2023,6,1,16
I,29,3,1,2023,5,0,12
I,30,3,1,2023,4,0,10
I,31,3,1,2023,3,0,8
I,32,3,1,2023,3,0,9
I,33,3,1,2023,2,0,6
I,34,3,1,2023,2,0,4
I,35,3,1,2023,1,0,4
I,36,3,1,2023,1,0,4
I,37,3,1,2023,0.5,0,3
I,38,3,1,2023,0,0,4
I,39,3,1,2023,0,0,3
I,40,3,1,2023,0,0,1
I,41,3,1,2023,0,0,2
I,42,3,1,2023,0,0,2
I,43,3,1,2023,0,0,1
I,44,3,1,2023,0,0,1
I,45,3,1,2023,0,0,1
I,46,3,1,2023,0,0,1
I,47,3,1,2023,0,0,1
I,48,3,1,2023,0,0,1
I,49,3,1,2023,0,0,0
I,50,3,1,2023,0,0,0
I,51,3,1,2023,0,0,0
I,52,3,1,2023,0,0,0
I,53,3,1,2023,0,0,0
I,54,3,1,2023,0,0,0
I,55,3,1,2023,0,0,0
I,56,3,1,2023,0,0,0
I,57,3,1,2023,0,0,0
I,58,3,1,2023,0,0,0
I,59,3,1,2023,0,0,0
I,60,3,1,2023,0,0,0
I,61,3,1,2023,0,0,0
I,62,3,1,2023,0,0,0
I,63,3,1,2023,0,0,0
I,64,3,1,2023,0,0,0
I,65,3,1,2023,0,0,0
I,66,3,1,2023,0,0,0
I,67,3,1,2023,0,0,0
I,68,3,1,2023,0,0,0
I,69,3,1,2023,0,0,0
I,70,3,1,2023,0,0,0
I,71,3,1,2023,0,0,0
I,72,3,1,2023,0,0,0
I,73,3,1,2023,0,0,0
I,74,3,1,2023,0,0,0
I,75,3,1,2023,0,0,0
I,76,3,1,2023,0,0,0
I,77,3,1,2023,0,0,0
I,78,3,1,2023,0,0,0
I,79,3,1,2023,0,0,0
I,80,3,1,2023,0,0,0
I,81,3,1,2023,0,0,0
I,82,3,1,2023,0,0,0
I,83,3,1,2023,0,0,0
I,84,3,1,2023,0,0,0
I,85,3,1,2023,0,0,0
I,86,3,1,2023,0,0,0
I,87,3,1,2023,0,0,0
I,88,3,1,2023,0,0,0
I,89,3,1,2023,0,0,0
I,90,3,1,2023,0,0,0
I,91,3,1,2023,0,0,0
I,92,3,1,2023,0,0,0
I,93,3,1,2023,0,0,0
I,94,3,1,2023,0,0,0
I,95,3,1,2023,0,0,0
I,96,3,1,2023,0,0,0
I,97,3,1,2023,0,0,0
I,98,3,1,2023,0,0,0
I,99,3,1,2023,0,0,0
I,100,3,1,2023,0,0,0
I,101,3,1,2023,0,0,0
R,1,1,1,2023,4590,2988,7337
R,2,1,1,2023,13374,10519,17204
R,3,1,1,2023,24712.5,21124,29187
R,4,1,1,2023,37839,34024,42306
R,5,1,1,2023,52226,48404,57308
R,6,1,1,2023,67575.5,63023,73555
R,7,1,1,2023,83502.5,79001,90667
R,8,1,1,2023,99369,94028,106506
R,9,1,1,2023,113135,108657,120945
R,10,1,1,2023,126436,121611,134810
R,11,1,1,2023,138326,133985,146850
R,12,1,1,2023,149950,144632,158069
R,13,1,1,2023,159369.5,153331,167033
R,14,1,1,2023,167223.5,161448,174819
R,15,1,1,2023,172918.5,168616,182611
R,16,1,1,2023,179678,174305,188880
R,17,1,1,2023,183818.5,179531,194524
R,18,1,1,2023,188923.5,184521,199571
R,19,1,1,2023,194702,188649,203347
R,20,1,1,2023,198242,192751,207709
R,21,1,1,2023,201095.5,196395,210112
R,22,1,1,2023,202984.5,199423,212089
R,23,1,1,2023,204131,200620,213067
R,24,1,1,2023,206338.5,201686,214277
R,25,1,1,2023,206709,203006,215112
R,26,1,1,2023,205484.5,201961,213522
R,27,1,1,2023,202821,199595,212717
R,28,1,1,2023,200959,198335,209590
R,29,1,1,2023,198822.5,195712,207449
R,30,1,1,2023,194773.5,192125,204700
R,31,1,1,2023,190918,188727,200398
R,32,1,1,2023,187129,184510,196980
R,33,1,1,2023,183195,180544,192029
R,34,1,1,2023,179816.5,177018,187767
R,35,1,1,2023,175719,172857,183076
R,36,1,1,2023,172421.5,167539,179547
R,37,1,1,2023,167383,163475,174985
R,38,1,1,2023,162709.5,159671,170655
R,39,1,1,2023,157881,155536,166566
R,40,1,1,2023,153071.5,151383,160874
R,41,1,1,2023,148425.5,145954,155947
R,42,1,1,2023,143781,141793,150352
R,43,1,1,2023,138883.5,136625,144286
R,44,1,1,2023,133878,131206,139142
R,45,1,1,2023,128829,126131,134225
R,46,1,1,2023,123892.5,121091,129703
R,47,1,1,2023,119312.5,116724,124875
R,48,1,1,2023,114901.5,111804,119460
R,49,1,1,2023,109668,107736,115004
R,50,1,1,2023,105475,103500,110845
R,51,1,1,2023,101538,99478,106232
R,52,1,1,2023,97191.5,94973,102069
R,53,1,1,2023,92469.5,90769,97834
R,54,1,1,2023,88379,86109,93379
R,55,1,1,2023,84429,81934,89384
R,56,1,1,2023,80343.5,78040,84730
R,57,1,1,2023,76715,74369,80425
R,58,1,1,2023,72728.5,70749,76772
R,59,1,1,2023,69455,67598,73463
R,60,1,1,2023,66115.5,64338,69914
R,61,1,1,2023,62654.5,60865,66949
R,62,1,1,2023,59009.5,57707,63062
R,63,1,1,2023,56075.5,54554,60005
R,64,1,1,2023,52695.5,50969,56969
R,65,1,1,2023,49541.5,48218,53403
R,66,1,1,2023,46904.5,45745,50055
R,67,1,1,2023,44491,43319,47293
R,68,1,1,2023,41983.5,40475,44131
R,69,1,1,2023,38980.5,37370,41145
R,70,1,1,2023,36276.5,34842,38250
R,71,1,1,2023,33676.5,32458,35626
R,72,1,1,2023,31293,30259,33166
R,73,1,1,2023,28629.5,27561,30223
R,74,1,1,2023,26095,24983,27601
R,75,1,1,2023,23548,22383,25070
R,76,1,1,2023,21248.5,20052,22435
R,77,1,1,2023,18692,17704,20060
R,78,1,1,2023,16608.5,15620,18043
R,79,1,1,2023,14555.5,13656,15729
R,80,1,1,2023,12773.5,11706,13803
R,81,1,1,2023,10899.5,9868,12083
R,82,1,1,2023,9134.5,8322,10396
R,83,1,1,2023,7530,6807,8517
R,84,1,1,2023,6133.5,5437,6987
R,85,1,1,2023,4971.5,4232,5749
R,86,1,1,2023,3916.5,3457,4620
R,87,1,1,2023,3070,2689,3615
R,88,1,1,2023,2368,2008,2867
R,89,1,1,2023,1746.5,1422,2130
R,90,1,1,2023,1304,1028,1601
R,91,1,1,2023,920,718,1160
R,92,1,1,2023,649.5,498,829
R,93,1,1,2023,423,322,580
R,94,1,1,2023,282.5,204,392
R,95,1,1,2023,184,123,247
R,96,1,1,2023,115,76,147
R,97,1,1,2023,66,47,96
R,98,1,1,2023,39,32,64
R,99,1,1,2023,23,13,31
R,100,1,1,2023,14,6,21
R,101,1,1,2023,13,6,23
R,1,2,1,2023,8933,6643,11210
R,2,2,1,2023,23698.5,20391,28136
R,3,2,1,2023,40778,37498,45610
R,4,2,1,2023,58208.5,54777,61416
R,5,2,1,2023,72019.5,69510,74894
R,6,2,1,2023,82322,80244,85131
R,7,2,1,2023,89075.5,86870,92084
R,8,2,1,2023,93183,90585,95448
R,9,2,1,2023,93788.5,91235,95930
R,10,2,1,2023,92279.5,90339,94463
R,11,2,1,2023,89006,87706,91169
R,12,2,1,2023,84483.5,83267,87273
R,13,2,1,2023,79737,78669,81789
R,14,2,1,2023,74273,73524,76563
R,15,2,1,2023,69081,68060,71036
R,16,2,1,2023,63900.5,62742,65690
R,17,2,1,2023,58189,57079,60494
R,18,2,1,2023,52597.5,51679,54543
R,19,2,1,2023,47279,46238,48931
R,20,2,1,2023,42222.5,41699,43722
R,21,2,1,2023,37656.5,36807,38879
R,22,2,1,2023,33218.5,32518,34365
R,23,2,1,2023,29214,28366,30131
R,24,2,1,2023,25577.5,24864,26583
R,25,2,1,2023,22409,21635,23627
R,26,2,1,2023,19415.5,18702,20235
R,27,2,1,2023,17044.5,16403,17620
R,28,2,1,2023,14937,14360,15306
R,29,2,1,2023,13002.5,12470,13735
R,30,2,1,2023,11356,10966,12053
R,31,2,1,2023,10199.5,9662,10570
R,32,2,1,2023,8965.5,8458,9386
R,33,2,1,2023,7757,7462,8030
R,34,2,1,2023,6780,6418,6945
R,35,2,1,2023,5825,5624,6252
R,36,2,1,2023,5033.5,4761,5329
R,37,2,1,2023,4326.5,4173,4697
R,38,2,1,2023,3670.5,3552,3977
R,39,2,1,2023,3089.5,2940,3350
R,40,2,1,2023,2572,2379,2838
R,41,2,1,2023,2114,1948,2305
R,42,2,1,2023,1710.5,1549,1897
R,43,2,1,2023,1346,1282,1493
R,44,2,1,2023,1096.5,1023,1246
R,45,2,1,2023,867,790,970
R,46,2,1,2023,726.5,599,818
R,47,2,1,2023,561.5,447,632
R,48,2,1,2023,411.5,333,499
R,49,2,1,2023,298,216,362
R,50,2,1,2023,213,158,267
R,51,2,1,2023,162,119,184
R,52,2,1,2023,128.5,84,151
R,53,2,1,2023,95,78,114
R,54,2,1,2023,74,56,92
R,55,2,1,2023,50,26,61
R,56,2,1,2023,30,16,45
R,57,2,1,2023,19,9,35
R,58,2,1,2023,13,8,20
R,59,2,1,2023,8,3,14
R,60,2,1,2023,3,1,7
R,61,2,1,2023,3,0,5
R,62,2,1,2023,1,0,4
R,63,2,1,2023,1,0,4
R,64,2,1,2023,0,0,3
R,65,2,1,2023,1,0,3
R,66,2,1,2023,0,0,1
R,67,2,1,2023,0,0,0
R,68,2,1,2023,0,0,0
R,69,2,1,2023,0,0,0
R,70,2,1,2023,0,0,0
R,71,2,1,2023,0,0,0
R,72,2,1,2023,0,0,0
R,73,2,1,2023,0,0,0
R,74,2,1,2023,0,0,0
R,75,2,1,2023,0,0,0
R,76,2,1,2023,0,0,0
R,77,2,1,2023,0,0,0
R,78,2,1,2023,0,0,0
R,79,2,1,2023,0,0,0
R,80,2,1,2023,0,0,0
R,81,2,1,2023,0,0,0
R,82,2,1,2023,0,0,0
R,83,2,1,2023,0,0,0
R,84,2,1,2023,0,0,0
R,85,2,1,2023,0,0,0
R,86,2,1,2023,0,0,0
R,87,2,1,2023,0,0,0
R,88,2,1,2023,0,0,0
R,89,2,1,2023,0,0,0
R,90,2,1,2023,0,0,0
R,91,2,1,2023,0,0,0
R,92,2,1,2023,0,0,0
R,93,2,1,2023,0,0,0
R,94,2,1,2023,0,0,0
R,95,2,1,2023,0,0,0
R,96,2,1,2023,0,0,0
R,97,2,1,2023,0,0,0
R,98,2,1,2023,0,0,0
R,99,2,1,2023,0,0,0
R,100,2,1,2023,0,0,0
R,101,2,1,2023,0,0,0
R,1,3,1,2023,36660.5,21540,48663
R,2,3,1,2023,67160,47880,83768
R,3,3,1,2023,80993.5,66213,98812
R,4,3,1,2023,87791.5,76076,101760
R,5,3,1,2023,87958,79138,98460
R,6,3,1,2023,83370.5,77102,91692
R,7,3,1,2023,76598,72221,82401
R,8,3,1,2023,68402,64822,73112
R,9,3,1,2023,59820,57096,63237
R,10,3,1,2023,51185.5,49252,53737
R,11,3,1,2023,43277,42056,45557
R,12,3,1,2023,36307,35364,38523
R,13,3,1,2023,30631.5,29283,32493
R,14,3,1,2023,25438.5,24223,26919
R,15,3,1,2023,21025,20131,22090
R,16,3,1,2023,17286.5,16656,18160
R,17,3,1,2023,14303.5,13673,15092
R,18,3,1,2023,11607.5,11418,12320
R,19,3,1,2023,9643,9215,10035
R,20,3,1,2023,7944.5,7424,8178
R,21,3,1,2023,6324,6100,6627
R,22,3,1,2023,5105,4940,5324
R,23,3,1,2023,4155.5,3900,4330
R,24,3,1,2023,3333,3210,3609
R,25,3,1,2023,2631,2518,2843
R,26,3,1,2023,2078.5,1998,2281
R,27,3,1,2023,1694,1596,1759
R,28,3,1,2023,1293,1233,1426
R,29,3,1,2023,1043,910,1129
R,30,3,1,2023,818.5,745,922
R,31,3,1,2023,685,591,735
R,32,3,1,2023,543,485,587
R,33,3,1,2023,424.5,353,475
R,34,3,1,2023,321,303,345
R,35,3,1,2023,259.5,221,308
R,36,3,1,2023,213,195,264
R,37,3,1,2023,172,146,201
R,38,3,1,2023,132,106,147
R,39,3,1,2023,96.5,79,117
R,40,3,1,2023,84,65,96
R,41,3,1,2023,68,43,86
R,42,3,1,2023,55,40,76
R,43,3,1,2023,40.5,23,54
R,44,3,1,2023,34,17,42
R,45,3,1,2023,22,15,35
R,46,3,1,2023,15,6,25
R,47,3,1,2023,8,1,15
R,48,3,1,2023,4,1,15
R,49,3,1,2023,3.5,1,7
R,50,3,1,2023,3,0,6
R,51,3,1,2023,5,0,12
R,52,3,1,2023,7,0,10
R,53,3,1,2023,7,0,10
R,54,3,1,2023,2,1,6
R,55,3,1,2023,1.5,0,3
R,56,3,1,2023,1,0,4
R,57,3,1,2023,0,0,0
R,58,3,1,2023,0,0,1
R,59,3,1,2023,0,0,0
R,60,3,1,2023,0,0,0
R,61,3,1,2023,0,0,0
R,62,3,1,2023,0,0,1
R,63,3,1,2023,0,0,0
R,64,3,1,2023,0,0,0
R,65,3,1,2023,0,0,0
R,66,3,1,2023,0,0,0
R,67,3,1,2023,0,0,0
R,68,3,1,2023,0,0,0
R,69,3,1,2023,0,0,0
R,70,3,1,2023,0,0,0
R,71,3,1,2023,0,0,0
R,72,3,1,2023,0,0,0
R,73,3,1,2023,0,0,0
R,74,3,1,2023,0,0,0
R,75,3,1,2023,0,0,0
R,76,3,1,2023,0,0,0
R,77,3,1,2023,0,0,0
R,78,3,1,2023,0,0,0
R,79,3,1,2023,0,0,0
R,80,3,1,2023,0,0,0
R,81,3,1,2023,0,0,0
R,82,3,1,2023,0,0,0
R,83,3,1,2023,0,0,0
R,84,3,1,2023,0,0,0
R,85,3,1,2023,0,0,0
R,86,3,1,2023,0,0,0
R,87,3,1,2023,0,0,0
R,88,3,1,2023,0,0,0
R,89,3,1,2023,0,0,0
R,90,3,1,2023,0,0,0
R,91,3,1,2023,0,0,0
R,92,3,1,2023,0,0,0
R,93,3,1,2023,0,0,0
R,94,3,1,2023,0,0,0
R,95,3,1,2023,0,0,0
R,96,3,1,2023,0,0,0
R,97,3,1,2023,0,0,0
R,98,3,1,2023,0,0,0
R,99,3,1,2023,0,0,0
R,100,3,1,2023,0,0,0
R,101,3,1,2023,0,0,0
Is,1,1,1,2023,0,0,0
Is,2,1,1,2023,0,0,0
Is,3,1,1,2023,0,0,0
Is,4,1,1,2023,0,0,0
Is,5,1,1,2023,0,0,0
Is,6,1,1,2023,0,0,0
Is,7,1,1,2023,0,0,0
Is,8,1,1,2023,0,0,0
Is,9,1,1,2023,0,0,0
Is,10,1,1,2023,0,0,0
Is,11,1,1,2023,0,0,0
Is,12,1,1,2023,0,0,0
Is,13,1,1,2023,0,0,0
Is,14,1,1,2023,0,0,0
Is,15,1,1,2023,0,0,0
Is,16,1,1,2023,0,0,0
Is,17,1,1,2023,0,0,0
Is,18,1,1,2023,0,0,0
Is,19,1,1,2023,0,0,0
Is,20,1,1,2023,0,0,0
Is,21,1,1,2023,0,0,0
Is,22,1,1,2023,0,0,0
Is,23,1,1,2023,0,0,0
Is,24,1,1,2023,0,0,0
Is,25,1,1,2023,0,0,0
Is,26,1,1,2023,0,0,0
Is,27,1,1,2023,0,0,0
Is,28,1,1,2023,0,0,0
Is,29,1,1,2023,0,0,0
Is,30,1,1,2023,0,0,0
Is,31,1,1,2023,0,0,0
Is,32,1,1,2023,0,0,0
Is,33,1,1,2023,0,0,0
Is,34,1,1,2023,0,0,0
Is,35,1,1,2023,0,0,0
Is,36,1,1,2023,0,0,0
Is,37,1,1,2023,0,0,0
Is,38,1,1,2023,0,0,0
Is,39,1,1,2023,0,0,0
Is,40,1,1,2023,0,0,0
Is,41,1,1,2023,0,0,0
Is,42,1,1,2023,0,0,0
Is,43,1,1,2023,0,0,0
Is,44,1,1,2023,0,0,0
Is,45,1,1,2023,0,0,0
Is,46,1,1,2023,0,0,0
Is,47,1,1,2023,0,0,0
Is,48,1,1,2023,0,0,0
Is,49,1,1,2023,0,0,0
Is,50,1,1,2023,0,0,0
Is,51,1,1,2023,0,0,0
Is,52,1,1,2023,0,0,0
Is,53,1,1,2023,0,0,0
Is,54,1,1,2023,0,0,0
Is,55,1,1,2023,0,0,0
Is,56,1,1,2023,0,0,0
Is,57,1,1,2023,0,0,0
Is,58,1,1,2023,0,0,0
Is,59,1,1,2023,0,0,0
Is,60,1,1,2023,0,0,0
Is,61,1,1,2023,0,0,0
Is,62,1,1,2023,0,0,0
Is,63,1,1,2023,0,0,0
Is,64,1,1,2023,0,0,0
Is,65,1,1,2023,0,0,0
Is,66,1,1,2023,0,0,0
Is,67,1,1,2023,0,0,0
Is,68,1,1,2023,0,0,0
Is,69,1,1,2023,0,0,0
Is,70,1,1,2023,0,0,0
Is,71,1,1,2023,0,0,0
Is,72,1,1,2023,0,0,0
Is,73,1,1,2023,0,0,0
Is,74,1,1,2023,0,0,0
Is,75,1,1,2023,0,0,0
Is,76,1,1,2023,0,0,0
Is,77,1,1,2023,0,0,0
Is,78,1,1,2023,0,0,0
Is,79,1,1,2023,0,0,0
Is,80,1,1,2023,0,0,0
Is,81,1,1,2023,0,0,0
Is,82,1,1,2023,0,0,0
Is,83,1,1,2023,0,0,0
Is,84,1,1,2023,0,0,0
Is,85,1,1,2023,0,0,0
Is,86,1,1,2023,0,0,0
Is,87,1,1,2023,0,0,0
Is,88,1,1,2023,0,0,0
Is,89,1,1,2023,0,0,0
Is,90,1,1,2023,0,0,0
Is,91,1,1,2023,0,0,0
Is,92,1,1,2023,0,0,0
Is,93,1,1,2023,0,0,0
Is,94,1,1,2023,0,0,0
Is,95,1,1,2023,0,0,0
Is,96,1,1,2023,0,0,0
Is,97,1,1,2023,0,0,0
Is,98,1,1,2023,0,0,0
Is,99,1,1,2023,0,0,0
Is,100,1,1,2023,0,0,0
Is,101,1,1,2023,0,0,0
Is,1,2,1,2023,0,0,0
Is,2,2,1,2023,0,0,0
Is,3,2,1,2023,0,0,0
Is,4,2,1,2023,0,0,0
Is,5,2,1,2023,0,0,0
Is,6,2,1,2023,0,0,0
Is,7,2,1,2023,0,0,0
Is,8,2,1,2023,0,0,0
Is,9,2,1,2023,0,0,0
Is,10,2,1,2023,0,0,0
Is,11,2,1,2023,0,0,0
Is,12,2,1,2023,0,0,0
Is,13,2,1,2023,0,0,0
Is,14,2,1,2023,0,0,0
Is,15,2,1,2023,0,0,0
Is,16,2,1,2023,0,0,0
Is,17,2,1,2023,0,0,0
Is,18,2,1,2023,0,0,0
Is,19,2,1,2023,0,0,0
Is,20,2,1,2023,0,0,0
Is,21,2,1,2023,0,0,0
Is,22,2,1,2023,0,0,0
Is,23,2,1,2023,0,0,0
Is,24,2,1,2023,0,0,0
Is,25,2,1,2023,0,0,0
Is,26,2,1,2023,0,0,0
Is,27,2,1,2023,0,0,0
Is,28,2,1,2023,0,0,0
Is,29,2,1,2023,0,0,0
Is,30,2,1,2023,0,0,0
Is,31,2,1,2023,0,0,0
Is,32,2,1,2023,0,0,0
Is,33,2,1,2023,0,0,0
Is,34,2,1,2023,0,0,0
Is,35,2,1,2023,0,0,0
Is,36,2,1,2023,0,0,0
Is,37,2,1,2023,0,0,0
Is,38,2,1,2023,0,0,0
Is,39,2,1,2023,0,0,0
Is,40,2,1,2023,0,0,0
Is,41,2,1,2023,0,0,0
Is,42,2,1,2023,0,0,0
Is,43,2,1,2023,0,0,0
Is,44,2,1,2023,0,0,0
Is,45,2,1,2023,0,0,0
Is,46,2,1,2023,0,0,0
Is,47,2,1,2023,0,0,0
Is,48,2,1,2023,0,0,0
Is,49,2,1,2023,0,0,0
Is,50,2,1,2023,0,0,0
Is,51,2,1,2023,0,0,0
Is,52,2,1,2023,0,0,0
Is,53,2,1,2023,0,0,0
Is,54,2,1,2023,0,0,0
Is,55,2,1,2023,0,0,0
Is,56,2,1,2023,0,0,0
Is,57,2,1,2023,0,0,0
Is,58,2,1,2023,0,0,0
Is,59,2,1,2023,0,0,0
Is,60,2,1,2023,0,0,0
Is,61,2,1,2023,0,0,0
Is,62,2,1,2023,0,0,0
Is,63,2,1,2023,0,0,0
Is,64,2,1,2023,0,0,0
Is,65,2,1,2023,0,0,0
Is,66,2,1,2023,0,0,0
Is,67,2,1,2023,0,0,0
Is,68,2,1,2023,0,0,0
Is,69,2,1,2023,0,0,0
Is,70,2,1,2023,0,0,0
Is,71,2,1,2023,0,0,0
Is,72,2,1,2023,0,0,0
Is,73,2,1,2023,0,0,0
Is,74,2,1,2023,0,0,0
Is,75,2,1,2023,0,0,0
Is,76,2,1,2023,0,0,0
Is,77,2,1,2023,0,0,0
Is,78,2,1,2023,0,0,0
Is,79,2,1,2023,0,0,0
Is,80,2,1,2023,0,0,0
Is,81,2,1,2023,0,0,0
Is,82,2,1,2023,0,0,0
Is,83,2,1,2023,0,0,0
Is,84,2,1,2023,0,0,0
Is,85,2,1,2023,0,0,0
Is,86,2,1,2023,0,0,0
Is,87,2,1,2023,0,0,0
Is,88,2,1,2023,0,0,0
Is,89,2,1,2023,0,0,0
Is,90,2,1,2023,0,0,0
Is,91,2,1,2023,0,0,0
Is,92,2,1,2023,0,0,0
Is,93,2,1,2023,0,0,0
Is,94,2,1,2023,0,0,0
Is,95,2,1,2023,0,0,0
Is,96,2,1,2023,0,0,0
Is,97,2,1,2023,0,0,0
Is,98,2,1,2023,0,0,0
Is,99,2,1,2023,0,0,0
Is,100,2,1,2023,0,0,0
Is,101,2,1,2023,0,0,0
Is,1,3,1,2023,0,0,0
Is,2,3,1,2023,0,0,0
Is,3,3,1,2023,0,0,0
Is,4,3,1,2023,0,0,0
Is,5,3,1,2023,0,0,0
Is,6,3,1,2023,0,0,0
Is,7,3,1,2023,0,0,0
Is,8,3,1,2023,0,0,0
Is,9,3,1,2023,0,0,0
Is,10,3,1,2023,0,0,0
Is,11,3,1,2023,0,0,0
Is,12,3,1,2023,0,0,0
Is,13,3,1,2023,0,0,0
Is,14,3,1,2023,0,0,0
Is,15,3,1,2023,0,0,0
Is,16,3,1,2023,0,0,0
Is,17,3,1,2023,0,0,0
Is,18,3,1,2023,0,0,0
Is,19,3,1,2023,0,0,0
Is,20,3,1,2023,0,0,0
Is,21,3,1,2023,0,0,0
Is,22,3,1,2023,0,0,0
Is,23,3,1,2023,0,0,0
Is,24,3,1,2023,0,0,0
Is,25,3,1,2023,0,0,0
Is,26,3,1,2023,0,0,0
Is,27,3,1,2023,0,0,0
Is,28,3,1,2023,0,0,0
Is,29,3,1,2023,0,0,0
Is,30,3,1,2023,0,0,0
Is,31,3,1,2023,0,0,0
Is,32,3,1,2023,0,0,0
Is,33,3,1,2023,0,0,0
Is,34,3,1,2023,0,0,0
Is,35,3,1,2023,0,0,0
Is,36,3,1,2023,0,0,0
Is,37,3,1,2023,0,0,0
Is,38,3,1,2023,0,0,0
Is,39,3,1,2023,0,0,0
Is,40,3,1,2023,0,0,0
Is,41,3,1,2023,0,0,0
Is,42,3,1,2023,0,0,0
Is,43,3,1,2023,0,0,0
Is,44,3,1,2023,0,0,0
Is,45,3,1,2023,0,0,0
Is,46,3,1,2023,0,0,0
Is,47,3,1,2023,0,0,0
Is,48,3,1,2023,0,0,0
Is,49,3,1,2023,0,0,0
Is,50,3,1,2023,0,0,0
Is,51,3,1,2023,0,0,0
Is,52,3,1,2023,0,0,0
Is,53,3,1,2023,0,0,0
Is,54,3,1,2023,0,0,0
Is,55,3,1,2023,0,0,0
Is,56,3,1,2023,0,0,0
Is,57,3,1,2023,0,0,0
Is,58,3,1,2023,0,0,0
Is,59,3,1,2023,0,0,0
Is,60,3,1,2023,0,0,0
Is,61,3,1,2023,0,0,0
Is,62,3,1,2023,0,0,0
Is,63,3,1,2023,0,0,0
Is,64,3,1,2023,0,0,0
Is,65,3,1,2023,0,0,0
Is,66,3,1,2023,0,0,0
Is,67,3,1,2023,0,0,0
Is,68,3,1,2023,0,0,0
Is,69,3,1,2023,0,0,0
Is,70,3,1,2023,0,0,0
Is,71,3,1,2023,0,0,0
Is,72,3,1,2023,0,0,0
Is,73,3,1,2023,0,0,0
Is,74,3,1,2023,0,0,0
Is,75,3,1,2023,0,0,0
Is,76,3,1,2023,0,0,0
Is,77,3,1,2023,0,0,0
Is,78,3,1,2023,0,0,0
Is,79,3,1,2023,0,0,0
Is,80,3,1,2023,0,0,0
Is,81,3,1,2023,0,0,0
Is,82,3,1,2023,0,0,0
Is,83,3,1,2023,0,0,0
Is,84,3,1,2023,0,0,0
Is,85,3,1,2023,0,0,0
Is,86,3,1,2023,0,0,0
Is,87,3,1,2023,0,0,0
Is,88,3,1,2023,0,0,0
Is,89,3,1,2023,0,0,0
Is,90,3,1,2023,0,0,0
Is,91,3,1,2023,0,0,0
Is,92,3,1,2023,0,0,0
Is,93,3,1,2023,0,0,0
Is,94,3,1,2023,0,0,0
Is,95,3,1,2023,0,0,0
Is,96,3,1,2023,0,0,0
Is,97,3,1,2023,0,0,0
Is,98,3,1,2023,0,0,0
Is,99,3,1,2023,0,0,0
Is,100,3,1,2023,0,0,0
Is,101,3,1,2023,0,0,0
Rc,1,1,1,2023,0,0,0
Rc,2,1,1,2023,0,0,0
Rc,3,1,1,2023,0,0,0
Rc,4,1,1,2023,0,0,0
Rc,5,1,1,2023,0,0,0
Rc,6,1,1,2023,0,0,0
Rc,7,1,1,2023,0,0,0
Rc,8,1,1,2023,0,0,0
Rc,9,1,1,2023,0,0,0
Rc,10,1,1,2023,0,0,0
Rc,11,1,1,2023,0,0,0
Rc,12,1,1,2023,0,0,0
Rc,13,1,1,2023,0,0,0
Rc,14,1,1,2023,0,0,0
Rc,15,1,1,2023,0,0,0
Rc,16,1,1,2023,0,0,0
Rc,17,1,1,2023,0,0,0
Rc,18,1,1,2023,0,0,0
Rc,19,1,1,2023,0,0,0
Rc,20,1,1,2023,0,0,0
Rc,21,1,1,2023,0,0,0
Rc,22,1,1,2023,0,0,0
Rc,23,1,1,2023,0,0,0
Rc,24,1,1,2023,0,0,0
Rc,25,1,1,2023,0,0,0
Rc,26,1,1,2023,0,0,0
Rc,27,1,1,2023,0,0,0
Rc,28,1,1,2023,0,0,0
Rc,29,1,1,2023,0,0,0
Rc,30,1,1,2023,0,0,0
Rc,31,1,1,2023,0,0,0
Rc,32,1,1,2023,0,0,0
Rc,33,1,1,2023,0,0,0
Rc,34,1,1,2023,0,0,0
Rc,35,1,1,2023,0,0,0
Rc,36,1,1,2023,0,0,0
Rc,37,1,1,2023,0,0,0
Rc,38,1,1,2023,0,0,0
Rc,39,1,1,2023,0,0,0
Rc,40,1,1,2023,0,0,0
Rc,41,1,1,2023,0,0,0
Rc,42,1,1,2023,0,0,0
Rc,43,1,1,2023,0,0,0
Rc,44,1,1,2023,0,0,0
Rc,45,1,1,2023,0,0,0
Rc,46,1,1,2023,0,0,0
Rc,47,1,1,2023,0,0,0
Rc,48,1,1,2023,0,0,0
Rc,49,1,1,2023,0,0,0
Rc,50,1,1,2023,0,0,0
Rc,51,1,1,2023,0,0,0
Rc,52,1,1,2023,0,0,0
Rc,53,1,1,2023,0,0,0
Rc,54,1,1,2023,0,0,0
Rc,55,1,1,2023,0,0,0
Rc,56,1,1,2023,0,0,0
Rc,57,1,1,2023,0,0,0
Rc,58,1,1,2023,0,0,0
Rc,59,1,1,2023,0,0,0
Rc,60,1,1,2023,0,0,0
Rc,61,1,1,2023,0,0,0
Rc,62,1,1,2023,0,0,0
Rc,63,1,1,2023,0,0,0
Rc,64,1,1,2023,0,0,0
Rc,65,1,1,2023,0,0,0
Rc,66,1,1,2023,0,0,0
Rc,67,1,1,2023,0,0,0
Rc,68,1,1,2023,0,0,0
Rc,69,1,1,2023,0,0,0
Rc,70,1,1,2023,0,0,0
Rc,71,1,1,2023,0,0,0
Rc,72,1,1,2023,0,0,0
Rc,73,1,1,2023,0,0,0
Rc,74,1,1,2023,0,0,0
Rc,75,1,1,2023,0,0,0
Rc,76,1,1,2023,0,0,0
Rc,77,1,1,2023,0,0,0
Rc,78,1,1,2023,0,0,0
Rc,79,1,1,2023,0,0,0
Rc,80,1,1,2023,0,0,0
Rc,81,1,1,2023,0,0,0
Rc,82,1,1,2023,0,0,0
Rc,83,1,1,2023,0,0,0
Rc,84,1,1,2023,0,0,0
Rc,85,1,1,2023,0,0,0
Rc,86,1,1,2023,0,0,0
Rc,87,1,1,2023,0,0,0
Rc,88,1,1,2023,0,0,0
Rc,89,1,1,2023,0,0,0
Rc,90,1,1,2023,0,0,0
Rc,91,1,1,2023,0,0,0
Rc,92,1,1,2023,0,0,0
Rc,93,1,1,2023,0,0,0
Rc,94,1,1,2023,0,0,0
Rc,95,1,1,2023,0,0,0
Rc,96,1,1,2023,0,0,0
Rc,97,1,1,2023,0,0,0
Rc,98,1,1,2023,0,0,0
Rc,99,1,1,2023,0,0,0
Rc,100,1,1,2023,0,0,0
Rc,101,1,1,2023,0,0,0
Rc,1,2,1,2023,0,0,0
Rc,2,2,1,2023,0,0,0
Rc,3,2,1,2023,0,0,0
Rc,4,2,1,2023,0,0,0
Rc,5,2,1,2023,0,0,0
Rc,6,2,1,2023,0,0,0
Rc,7,2,1,2023,0,0,0
Rc,8,2,1,2023,0,0,0
Rc,9,2,1,2023,0,0,0
Rc,10,2,1,2023,0,0,0
Rc,11,2,1,2023,0,0,0
Rc,12,2,1,2023,0,0,0
Rc,13,2,1,2023,0,0,0
Rc,14,2,1,2023,0,0,0
Rc,15,2,1,2023,0,0,0
Rc,16,2,1,2023,0,0,0
Rc,17,2,1,2023,0,0,0
Rc,18,2,1,2023,0,0,0
Rc,19,2,1,2023,0,0,0
Rc,20,2,1,2023,0,0,0
Rc,21,2,1,2023,0,0,0
Rc,22,2,1,2023,0,0,0
Rc,23,2,1,2023,0,0,0
Rc,24,2,1,2023,0,0,0
Rc,25,2,1,2023,0,0,0
Rc,26,2,1,2023,0,0,0
Rc,27,2,1,2023,0,0,0
Rc,28,2,1,2023,0,0,0
Rc,29,2,1,2023,0,0,0
Rc,30,2,1,2023,0,0,0
Rc,31,2,1,2023,0,0,0
Rc,32,2,1,2023,0,0,0
Rc,33,2,1,2023,0,0,0
Rc,34,2,1,2023,0,0,0
Rc,35,2,1,2023,0,0,0
Rc,36,2,1,2023,0,0,0
Rc,37,2,1,2023,0,0,0
Rc,38,2,1,2023,0,0,0
Rc,39,2,1,2023,0,0,0
Rc,40,2,1,2023,0,0,0
Rc,41,2,1,2023,0,0,0
Rc,42,2,1,2023,0,0,0
Rc,43,2,1,2023,0,0,0
Rc,44,2,1,2023,0,0,0
Rc,45,2,1,2023,0,0,0
Rc,46,2,1,2023,0,0,0
Rc,47,2,1,2023,0,0,0
Rc,48,2,1,2023,0,0,0
Rc,49,2,1,2023,0,0,0
Rc,50,2,1,2023,0,0,0
Rc,51,2,1,2023,0,0,0
Rc,52,2,1,2023,0,0,0
Rc,53,2,1,2023,0,0,0
Rc,54,2,1,2023,0,0,0
Rc,55,2,1,2023,0,0,0
Rc,56,2,1,2023,0,0,0
Rc,57,2,1,2023,0,0,0
Rc,58,2,1,2023,0,0,0
Rc,59,2,1,2023,0,0,0
Rc,60,2,1,2023,0,0,0
Rc,61,2,1,2023,0,0,0
Rc,62,2,1,2023,0,0,0
Rc,63,2,1,2023,0,0,0
Rc,64,2,1,2023,0,0,0
Rc,65,2,1,2023,0,0,0
Rc,66,2,1,2023,0,0,0
Rc,67,2,1,2023,0,0,0
Rc,68,2,1,2023,0,0,0
Rc,69,2,1,2023,0,0,0
Rc,70,2,1,2023,0,0,0
Rc,71,2,1,2023,0,0,0
Rc,72,2,1,2023,0,0,0
Rc,73,2,1,2023,0,0,0
Rc,74,2,1,2023,0,0,0
Rc,75,2,1,2023,0,0,0
Rc,76,2,1,2023,0,0,0
Rc,77,2,1,2023,0,0,0
Rc,78,2,1,2023,0,0,0
Rc,79,2,1,2023,0,0,0
Rc,80,2,1,2023,0,0,0
Rc,81,2,1,2023,0,0,0
Rc,82,2,1,2023,0,0,0
Rc,83,2,1,2023,0,0,0
Rc,84,2,1,2023,0,0,0
Rc,85,2,1,2023,0,0,0
Rc,86,2,1,2023,0,0,0
Rc,87,2,1,2023,0,0,0
Rc,88,2,1,2023,0,0,0
Rc,89,2,1,2023,0,0,0
Rc,90,2,1,2023,0,0,0
Rc,91,2,1,2023,0,0,0
Rc,92,2,1,2023,0,0,0
Rc,93,2,1,2023,0,0,0
Rc,94,2,1,2023,0,0,0
Rc,95,2,1,2023,0,0,0
Rc,96,2,1,2023,0,0,0
Rc,97,2,1,2023,0,0,0
Rc,98,2,1,2023,0,0,0
Rc,99,2,1,2023,0,0,0
Rc,100,2,1,2023,0,0,0
Rc,101,2,1,2023,0,0,0
Rc,1,3,1,2023,0,0,0
Rc,2,3,1,2023,0,0,0
Rc,3,3,1,2023,0,0,0
Rc,4,3,1,2023,0,0,0
Rc,5,3,1,2023,0,0,0
Rc,6,3,1,2023,0,0,0
Rc,7,3,1,2023,0,0,0
Rc,8,3,1,2023,0,0,0
Rc,9,3,1,2023,0,0,0
Rc,10,3,1,2023,0,0,0
Rc,11,3,1,2023,0,0,0
Rc,12,3,1,2023,0,0,0
Rc,13,3,1,2023,0,0,0
Rc,14,3,1,2023,0,0,0
Rc,15,3,1,2023,0,0,0
Rc,16,3,1,2023,0,0,0
Rc,17,3,1,2023,0,0,0
Rc,18,3,1,2023,0,0,0
Rc,19,3,1,2023,0,0,0
Rc,20,3,1,2023,0,0,0
Rc,21,3,1,2023,0,0,0
Rc,22,3,1,2023,0,0,0
Rc,23,3,1,2023,0,0,0
Rc,24,3,1,2023,0,0,0
Rc,25,3,1,2023,0,0,0
Rc,26,3,1,2023,0,0,0
Rc,27,3,1,2023,0,0,0
Rc,28,3,1,2023,0,0,0
Rc,29,3,1,2023,0,0,0
Rc,30,3,1,2023,0,0,0
Rc,31,3,1,2023,0,0,0
Rc,32,3,1,2023,0,0,0
Rc,33,3,1,2023,0,0,0
Rc,34,3,1,2023,0,0,0
Rc,35,3,1,2023,0,0,0
Rc,36,3,1,2023,0,0,0
Rc,37,3,1,2023,0,0,0
Rc,38,3,1,2023,0,0,0
Rc,39,3,1,2023,0,0,0
Rc,40,3,1,2023,0,0,0
Rc,41,3,1,2023,0,0,0
Rc,42,3,1,2023,0,0,0
Rc,43,3,1,2023,0,0,0
Rc,44,3,1,2023,0,0,0
Rc,45,3,1,2023,0,0,0
Rc,46,3,1,2023,0,0,0
Rc,47,3,1,2023,0,0,0
Rc,48,3,1,2023,0,0,0
Rc,49,3,1,2023,0,0,0
Rc,50,3,1,2023,0,0,0
Rc,51,3,1,2023,0,0,0
Rc,52,3,1,2023,0,0,0
Rc,53,3,1,2023,0,0,0
Rc,54,3,1,2023,0,0,0
Rc,55,3,1,2023,0,0,0
Rc,56,3,1,2023,0,0,0
Rc,57,3,1,2023,0,0,0
Rc,58,3,1,2023,0,0,0
Rc,59,3,1,2023,0,0,0
Rc,60,3,1,2023,0,0,0
Rc,61,3,1,2023,0,0,0
Rc,62,3,1,2023,0,0,0
Rc,63,3,1,2023,0,0,0
Rc,64,3,1,2023,0,0,0
Rc,65,3,1,2023,0,0,0
Rc,66,3,1,2023,0,0,0
Rc,67,3,1,2023,0,0,0
Rc,68,3,1,2023,0,0,0
Rc,69,3,1,2023,0,0,0
Rc,70,3,1,2023,0,0,0
Rc,71,3,1,2023,0,0,0
Rc,72,3,1,2023,0,0,0
Rc,73,3,1,2023,0,0,0
Rc,74,3,1,2023,0,0,0
Rc,75,3,1,2023,0,0,0
Rc,76,3,1,2023,0,0,0
Rc,77,3,1,2023,0,0,0
Rc,78,3,1,2023,0,0,0
Rc,79,3,1,2023,0,0,0
Rc,80,3,1,2023,0,0,0
Rc,81,3,1,2023,0,0,0
Rc,82,3,1,2023,0,0,0
Rc,83,3,1,2023,0,0,0
Rc,84,3,1,2023,0,0,0
Rc,85,3,1,2023,0,0,0
Rc,86,3,1,2023,0,0,0
Rc,87,3,1,2023,0,0,0
Rc,88,3,1,2023,0,0,0
Rc,89,3,1,2023,0,0,0
Rc,90,3,1,2023,0,0,0
Rc,91,3,1,2023,0,0,0
Rc,92,3,1,2023,0,0,0
Rc,93,3,1,2023,0,0,0
Rc,94,3,1,2023,0,0,0
Rc,95,3,1,2023,0,0,0
Rc,96,3,1,2023,0,0,0
Rc,97,3,1,2023,0,0,0
Rc,98,3,1,2023,0,0,0
Rc,99,3,1,2023,0,0,0
Rc,100,3,1,2023,0,0,0
Rc,101,3,1,2023,0,0,0
